{"6201020":{"product_id":6201020,"name":"9 DE ORO Agrid x 200 g","price":"11389.43","bulkQuantity":1,"quantity":1,"byBulk":true},"6390293":{"product_id":6390293,"name":"9 DE ORO Azucarada x 210 g","price":"15945.20","bulkQuantity":1,"quantity":1,"byBulk":true},"22804454":{"product_id":22804454,"name":"ALGABO Enj Fco Coco y Leche x 930 Ml","price":"1710.68","bulkQuantity":12,"quantity":1,"byBulk":false},"190707":{"product_id":190707,"name":"ZED CANDY Bolsa Chle Emotibola x 470 g","price":"7038.50","bulkQuantity":12,"quantity":"12","byBulk":false},"12990323":{"product_id":12990323,"name":"BILLIKEN Gma Eucalipto 12 x 30 g","price":"3279.58","bulkQuantity":12,"quantity":1,"byBulk":false}}